<?xml version="1.0" encoding="UTF-8"?>

<mule xmlns:http="http://www.mulesoft.org/schema/mule/http" xmlns:ee="http://www.mulesoft.org/schema/mule/ee/core"
	xmlns:servicebus="http://www.mulesoft.org/schema/mule/servicebus"
	xmlns="http://www.mulesoft.org/schema/mule/core" xmlns:doc="http://www.mulesoft.org/schema/mule/documentation" xmlns:xsi="http://www.w3.org/2001/XMLSchema-instance" xsi:schemaLocation="http://www.mulesoft.org/schema/mule/core http://www.mulesoft.org/schema/mule/core/current/mule.xsd
http://www.mulesoft.org/schema/mule/servicebus http://www.mulesoft.org/schema/mule/servicebus/current/mule-servicebus.xsd
http://www.mulesoft.org/schema/mule/ee/core http://www.mulesoft.org/schema/mule/ee/core/current/mule-ee.xsd
http://www.mulesoft.org/schema/mule/http http://www.mulesoft.org/schema/mule/http/current/mule-http.xsd">
	<http:listener-config name="HTTP_Listener_config" doc:name="HTTP Listener config" doc:id="9edfd6de-39f7-45e5-8ea3-8b184cca3838" >
		<http:listener-connection host="0.0.0.0" port="8087" />
	</http:listener-config>
	<flow name="scattergatherFlow" doc:id="748e62f2-0519-46c7-9964-4fcb9da502dd" >
		<http:listener doc:name="Listener" doc:id="b66a27f1-4afd-41ec-a350-c58070a3eeed" config-ref="HTTP_Listener_config" path="/test"/>
		<scatter-gather doc:name="Scatter-Gather" doc:id="999c3f58-311d-4467-9b0e-083868e7f5e4" target="testtarget">
			<route>
				<try doc:name="Try" doc:id="b4dc1e8e-6cf9-43e9-a99d-e7f82e99c5e6" >
					<ee:transform doc:name="Transform Message" doc:id="26a7464f-b967-4587-a91c-430cbbdc2c47">
					<ee:message>
						<ee:set-payload><![CDATA[%dw 2.0
output application/json
---
{
	"database":"cosmos",
	"status":"failure"
}
]]></ee:set-payload>
					</ee:message>
				</ee:transform>
				</try>
			</route>
			<route>
				<try doc:name="Try" doc:id="64d3646e-dd5e-444d-a738-ba11be956117" >
					<ee:transform doc:name="Transform Message" doc:id="4fedbf3d-a1ae-4ae4-9893-589ccab0f249">
					<ee:message>
						<ee:set-payload><![CDATA[%dw 2.0
output application/json
---
{
	"database":"SQL",
	"status":"Success"
}
]]></ee:set-payload>
					</ee:message>
				</ee:transform>
				</try>
			</route>
		</scatter-gather>
		<ee:transform doc:name="Transform Message" doc:id="316d6102-9635-4246-b9bb-6c378b7258e2" >
			<ee:message >
				<ee:set-payload ><![CDATA[%dw 2.0
output application/json
---
vars.testtarget]]></ee:set-payload>
			</ee:message>
		</ee:transform>
		<logger level="INFO" doc:name="Logger" doc:id="518ffcfb-c53f-4dec-880b-66f2fb81cac3" message="#[sizeOf(payload)]"/>
		<logger level="INFO" doc:name="Logger" doc:id="3b74b127-9578-43e8-bddc-52328664c41f" message="#[payload[0].payload]"/>
		<logger level="INFO" doc:name="Logger" doc:id="64495c51-d9ce-47d2-8bec-7aa29911e0a9" message="#[payload[1].payload]"/>
		<error-handler >
			<on-error-continue enableNotifications="true" logException="true" doc:name="On Error Continue" doc:id="1c81c944-b383-4871-a13d-57b9d2c25af2" type="MULE:COMPOSITE_ROUTING">
			<choice doc:name="Choice" doc:id="85060566-a3a7-4ecc-937e-5242834d3e3a">
					<when
						expression='#[error.errors[0].errorType.namespace == "SALESFORCE" and error.errors[0].errorType.identifier == "CONNECTIVITY"]'>
						<logger level="INFO" doc:name="Logger" doc:id="7f8f6078-4fbd-4760-9e25-e1bfcb5e6223" message="SALESFORCE"/>
					</when>
					<when
						expression='#[error.errors[0].errorType.namespace == "SQL" and error.errors[0].errorType.identifier == "CONNECTIVITY"]'>
						<logger level="INFO" doc:name="Logger" doc:id="f036b863-65ff-4a75-a526-2dc9108d319d" message="UNKNOWN"/>
					</when>
					<otherwise>
						<logger level="INFO" doc:name="Logger" doc:id="de77df0c-c1af-4ab6-84f6-26b1803b7a92" message="DEFAULT"/>
					</otherwise>
				</choice>
			</on-error-continue>
			<on-error-continue enableNotifications="true"
				logException="true" doc:name="On Error Continue" doc:id="4b45acb6-e701-47d2-be0d-4c8861f7bf1e">
				<logger level="INFO" doc:name="Logger" doc:id="12a0c620-64a6-4749-8820-ea1ae7d89866" message="DEFAULT ERROR HANDLING"/>
			</on-error-continue>
		</error-handler>
	</flow>
</mule>
